,City,Latitude,Longitude,Max Temperature (Â°C),Humidity (%),Cloudiness (%),Wind Speed (MPH),Country,Date
0,upernavik,72.7868,-56.1549,5.08,93,100,4.12,GL,1628352303
1,san patricio,28.017,-97.5169,31.99,54,7,5.07,US,1628352237
2,puerto escondido,15.85,-97.0667,29.46,65,1,0.0,MX,1628352306
3,mataura,-46.1927,168.8643,1.38,98,100,0.61,NZ,1628352307
4,hualmay,-11.0964,-77.6139,19.68,71,45,5.21,PE,1628352310
5,fortuna,40.5982,-124.1573,16.07,96,90,0.0,US,1628352131
6,ponta do sol,32.6667,-17.1,26.18,80,56,2.2,PT,1628352101
7,aklavik,68.2191,-135.0107,6.0,93,90,5.14,CA,1628352257
8,arica,-18.475,-70.3042,18.75,67,90,3.6,CL,1628352314
9,oksfjord,70.2396,22.3479,19.51,62,93,0.81,NO,1628352316
10,mayumba,-3.432,10.6554,23.34,81,100,3.56,GA,1628352317
11,butaritari,3.0707,172.7902,27.73,71,20,5.76,KI,1628352319
12,kapaa,22.0752,-159.319,26.18,76,40,1.34,US,1628352320
13,hobart,-42.8794,147.3294,3.36,87,33,0.89,AU,1628352321
14,hilo,19.7297,-155.09,22.85,90,90,2.57,US,1628352186
15,dalby,-27.1833,151.2667,6.59,80,0,2.91,AU,1628352324
16,khatanga,71.9667,102.5,10.57,71,9,3.03,RU,1628352325
17,hermanus,-34.4187,19.2345,13.28,77,100,1.19,ZA,1628352327
18,bluff,-46.6,168.3333,1.56,65,100,2.88,NZ,1628352328
19,severnoye,56.3491,78.3619,17.46,89,70,1.62,RU,1628352329
20,russell,32.3502,-85.1999,30.51,64,20,0.0,US,1628352331
21,jamestown,42.097,-79.2353,27.62,65,1,3.6,US,1628352322
22,ushuaia,-54.8,-68.3,0.81,86,75,8.75,AR,1628352333
23,nikolskoye,59.7035,30.7861,16.94,99,100,3.47,RU,1628352335
24,oranjemund,-28.55,16.4333,16.83,57,21,2.55,NA,1628352337
25,norman wells,65.282,-126.8329,6.14,85,100,2.88,CA,1628352212
26,chodavaram,17.8333,82.95,27.91,79,100,1.2,IN,1628352341
27,hennenman,-27.9765,27.0242,13.15,15,0,2.07,ZA,1628352342
28,qaanaaq,77.484,-69.3632,5.46,72,91,2.56,GL,1628352188
29,busselton,-33.65,115.3333,15.05,92,100,6.68,AU,1628352345
30,gidole,5.65,37.3667,18.95,48,99,1.97,ET,1628352346
31,severo-kurilsk,50.6789,156.125,11.78,86,97,6.31,RU,1628352347
32,rorvik,64.8621,11.2373,18.47,54,95,4.81,NO,1628352349
33,dikson,73.5069,80.5464,9.8,70,13,4.34,RU,1628352105
34,cidreira,-30.1811,-50.2056,20.11,70,13,5.22,BR,1628352208
35,kysyl-syr,63.8986,122.7617,20.02,44,94,6.22,RU,1628352352
36,nhulunbuy,-12.2333,136.7667,23.34,73,40,4.63,AU,1628352353
37,mar del plata,-38.0023,-57.5575,14.01,100,75,5.66,AR,1628352305
38,high level,58.5169,-117.136,15.84,63,35,2.37,CA,1628352356
39,nanortalik,60.1432,-45.2371,9.28,75,100,6.08,GL,1628352136
40,port alfred,-33.5906,26.891,16.4,78,63,6.17,ZA,1628352358
41,punta arenas,-53.15,-70.9167,2.58,70,36,9.08,CL,1628352062
42,muros,42.7762,-9.0603,22.77,55,2,5.85,ES,1628352222
43,pouembout,-21.1333,164.9,17.51,78,99,1.63,NC,1628352362
44,airai,-8.9266,125.4092,11.93,80,27,1.26,TL,1628352364
45,altea,38.5989,-0.0514,39.32,56,1,3.21,ES,1628352365
46,saint-philippe,-21.3585,55.7679,20.77,76,57,6.13,RE,1628352367
47,atuona,-9.8,-139.0333,25.26,80,92,8.17,PF,1628352368
48,lorengau,-2.0226,147.2712,26.38,79,58,3.05,PG,1628352226
49,chokurdakh,70.6333,147.9167,7.96,78,7,3.32,RU,1628352370
50,yenagoa,4.9247,6.2642,27.11,74,97,3.94,NG,1628352256
51,port lincoln,-34.7333,135.8667,11.69,74,47,4.15,AU,1628352209
52,east london,-33.0153,27.9116,17.38,72,67,4.02,ZA,1628352312
53,bethel,41.3712,-73.414,29.64,70,20,3.09,US,1628352375
54,klaksvik,62.2266,-6.589,19.51,88,100,9.41,FO,1628352234
55,tuktoyaktuk,69.4541,-133.0374,5.23,85,100,5.62,CA,1628352190
56,ketchikan,55.3422,-131.6461,13.26,94,40,2.06,US,1628352379
57,walvis bay,-22.9575,14.5053,14.49,55,0,5.76,NA,1628352381
58,tual,-5.6667,132.75,26.94,79,96,9.14,ID,1628352382
59,eyl,7.9803,49.8164,25.19,76,76,11.77,SO,1628352385
60,paamiut,61.994,-49.6678,5.75,95,100,3.43,GL,1628352386
61,morgan city,29.6994,-91.2068,32.78,66,1,0.0,US,1628352387
62,cayenne,4.9333,-52.3333,32.02,75,40,1.79,GF,1628352390
63,thabazimbi,-24.5917,27.4116,21.42,18,0,1.95,ZA,1628352391
64,areka,7.0667,37.7,17.19,82,98,1.6,ET,1628352393
65,rikitea,-23.1203,-134.9692,23.24,80,4,4.06,PF,1628352394
66,lebu,-37.6167,-73.65,10.75,65,19,7.67,CL,1628352395
67,port elizabeth,-33.918,25.5701,16.17,87,93,4.79,ZA,1628352197
68,litovko,49.2361,135.1742,12.59,95,100,8.88,RU,1628352398
69,kamloops,50.6665,-120.3192,18.65,67,97,0.45,CA,1628352399
70,vaini,-21.2,-175.2,19.09,82,20,3.09,TO,1628352400
71,ahuimanu,21.4447,-157.8378,24.84,71,20,5.14,US,1628352402
72,vila franca do campo,37.7167,-25.4333,24.23,59,92,5.41,PT,1628352403
73,carnarvon,-24.8667,113.6333,20.38,90,60,2.91,AU,1628352215
74,chicama,-7.8447,-79.1469,17.3,65,56,3.9,PE,1628352405
75,saskylakh,71.9167,114.0833,8.18,84,19,3.52,RU,1628352188
76,albany,42.6001,-73.9662,29.89,70,100,1.17,US,1628352408
77,chabahar,25.2919,60.643,28.37,80,38,2.7,IR,1628352316
78,puerto ayora,-0.7393,-90.3518,24.98,83,81,4.02,EC,1628352411
79,baishishan,43.5833,127.5667,17.77,89,6,0.71,CN,1628352413
80,taksimo,56.3444,114.8794,15.84,87,100,1.49,RU,1628352157
81,kamina,-8.7386,24.9906,27.69,15,90,2.07,CD,1628352415
82,tura,25.5198,90.2201,23.89,98,100,2.47,IN,1628352385
83,torun,53.0137,18.5981,25.11,70,100,2.0,PL,1628352418
84,port antonio,18.18,-76.4612,33.84,65,25,2.69,JM,1628352419
85,requena,39.4883,-1.1004,35.29,21,48,9.42,ES,1628352420
86,marzuq,14.4,46.4667,30.69,42,7,3.95,YE,1628352422
87,semey,50.4111,80.2275,24.01,34,24,2.57,KZ,1628352423
88,erenhot,43.6475,111.9767,27.65,24,96,3.28,CN,1628352426
89,albanel,48.8832,-72.4487,17.9,68,96,2.54,CA,1628352427
90,srednekolymsk,67.45,153.6833,5.22,78,73,3.15,RU,1628352428
91,kahului,20.8947,-156.47,24.01,72,20,5.14,US,1628352337
92,bonthe,7.5264,-12.505,28.3,59,97,4.52,SL,1628352431
93,paramonga,-10.6667,-77.8333,19.65,73,39,5.15,PE,1628352432
94,lumphat,13.4878,106.9816,24.38,97,100,0.43,KH,1628352435
95,portland,45.5234,-122.6762,22.56,71,40,0.45,US,1628352323
96,kailaras,26.3167,77.6167,28.99,81,100,1.57,IN,1628352437
97,nioro,13.35,-15.75,29.15,69,91,3.58,GM,1628352438
98,beyneu,45.3167,55.2,34.83,13,0,3.9,KZ,1628352440
99,provideniya,64.3833,-173.3,6.61,86,100,2.14,RU,1628352441
100,longyearbyen,78.2186,15.6401,8.91,76,75,5.66,SJ,1628352442
101,mahebourg,-20.4081,57.7,22.36,70,11,6.18,MU,1628352444
102,cherskiy,68.75,161.3,9.38,59,100,2.46,RU,1628352207
103,avarua,-21.2078,-159.775,23.03,83,20,2.06,CK,1628352248
104,huarmey,-10.0681,-78.1522,20.32,72,43,5.26,PE,1628352218
105,saldanha,-33.0117,17.9442,14.2,70,100,2.54,ZA,1628352234
106,uvat,59.1433,68.8953,16.87,96,99,2.1,RU,1628352449
107,regina,50.4501,-104.6178,26.06,45,49,7.73,CA,1628352310
108,laguna,38.421,-121.4238,28.91,61,1,0.89,US,1628352194
109,tasiilaq,65.6145,-37.6368,8.09,93,99,2.51,GL,1628352245
110,kodiak,57.79,-152.4072,12.73,88,75,0.0,US,1628352456
111,wanning,18.8003,110.3967,27.74,86,100,1.96,CN,1628352289
112,torbay,47.6666,-52.7314,25.16,78,42,8.81,CA,1628352199
113,mayo,38.8876,-76.5119,27.54,88,75,3.09,US,1628352460
114,vila do maio,15.1333,-23.2167,25.98,85,61,3.96,CV,1628352461
115,lavrentiya,65.5833,-171.0,5.92,86,100,6.52,RU,1628352383
116,kieta,-6.2167,155.6333,25.62,85,86,3.18,PG,1628352463
117,khasan,42.4308,130.6434,21.63,89,87,1.47,RU,1628352465
118,kochi,9.9399,76.2602,24.99,88,100,5.48,IN,1628352349
119,pyu,18.4833,96.4333,24.18,97,78,2.22,MM,1628352467
120,talnakh,69.4865,88.3972,17.7,46,79,2.11,RU,1628352468
121,najran,17.4924,44.1277,33.69,18,84,7.12,SA,1628352470
122,vestmanna,62.1564,-7.1664,18.51,55,100,7.72,FO,1628352471
123,halifax,44.6453,-63.5724,28.56,77,56,2.24,CA,1628352259
124,narsaq,60.9167,-46.05,11.12,75,100,2.03,GL,1628352473
125,mahajanga,-15.7167,46.3167,24.01,73,20,3.09,MG,1628352475
126,boyolangu,-8.1181,111.8935,23.81,95,35,1.05,ID,1628352476
127,valjevo,44.2751,19.8982,30.68,19,5,2.72,RS,1628352477
128,cape town,-33.9258,18.4232,15.06,83,100,1.34,ZA,1628351647
129,yellowknife,62.456,-114.3525,14.92,91,100,5.74,CA,1628352480
130,saint george,37.1041,-113.5841,29.26,17,1,0.62,US,1628352481
131,ancud,-41.8697,-73.8203,9.68,64,86,2.64,CL,1628352482
132,thompson,55.7435,-97.8558,22.59,45,5,4.36,CA,1628352484
133,georgetown,5.4112,100.3354,29.38,80,20,0.0,MY,1628352485
134,souillac,-20.5167,57.5167,22.42,72,9,5.39,MU,1628352487
135,iracoubo,5.4802,-53.2011,27.48,78,69,1.33,GF,1628352490
136,shache,38.4167,77.2406,27.76,31,100,5.52,CN,1628352492
137,sola,-13.8833,167.55,25.83,77,81,8.42,VU,1628352493
138,broken hill,-31.95,141.4333,8.53,73,0,3.68,AU,1628352494
139,clyde river,70.4692,-68.5914,4.13,100,90,5.66,CA,1628352197
140,benito juarez,19.385,-99.165,20.19,63,40,0.0,MX,1628352498
141,makakilo city,21.3469,-158.0858,24.18,69,1,1.54,US,1628352410
142,magnitka,55.3475,59.6961,13.73,68,74,3.32,RU,1628352500
143,saurimo,-9.6608,20.3916,29.02,9,43,0.91,AO,1628352502
144,sobolevo,54.4299,31.8996,19.33,68,100,4.12,RU,1628352503
145,chimore,-16.9833,-65.1333,32.48,25,0,2.92,BO,1628352504
146,progreso,21.2833,-89.6667,31.17,63,2,3.7,MX,1628352506
147,luderitz,-26.6481,15.1594,18.02,50,3,0.41,NA,1628352507
148,isiro,2.7739,27.616,21.06,96,88,1.66,CD,1628352508
149,barrow,71.2906,-156.7887,2.01,81,90,0.0,US,1628352510
150,yarke pole,45.608,34.3172,30.74,46,100,6.25,UA,1628352511
151,alofi,-19.0595,-169.9187,23.52,70,24,6.12,NU,1628352512
152,coquimbo,-29.9533,-71.3436,14.85,62,75,2.06,CL,1628352514
153,svetlaya,46.5389,138.3297,16.0,96,100,9.56,RU,1628352515
154,ankazoabo,-22.2833,44.5167,21.25,29,1,3.07,MG,1628352516
155,victoria,22.2855,114.1577,29.07,87,100,3.58,HK,1628352383
156,yaan,7.3833,8.5667,25.41,83,77,2.88,NG,1628352519
157,kathu,7.9178,98.3332,26.9,81,84,4.62,TH,1628352521
158,wewak,-3.5534,143.6268,25.48,88,99,2.28,PG,1628352323
159,concepcion del oro,24.6333,-101.4167,19.69,45,44,3.09,MX,1628352523
160,margate,51.3813,1.3862,19.36,65,68,1.79,GB,1628352462
161,concarneau,47.875,-3.9225,18.92,70,82,8.95,FR,1628352526
162,hobyo,5.3505,48.5268,24.97,77,91,12.89,SO,1628352527
163,ambon,-3.6954,128.1814,25.85,84,98,4.5,ID,1628352529
164,xiantao,30.3833,113.4,25.18,94,12,2.79,CN,1628352530
165,puksoozero,62.5903,40.6066,17.25,54,100,2.67,RU,1628352532
166,leningradskiy,69.3833,178.4167,3.04,91,100,3.88,RU,1628352407
167,dunmore east,52.1514,-6.9861,17.6,73,40,7.72,IE,1628352535
168,riyadh,24.6877,46.7219,43.08,9,16,2.91,SA,1628351945
169,baghdad,33.3406,44.4009,40.95,16,0,2.57,IQ,1628352537
170,saint anthony,45.0205,-93.218,21.42,93,90,2.06,US,1628352540
171,mahon,39.8885,4.2658,29.31,70,20,2.57,ES,1628352281
172,khandagayty,50.7333,92.05,11.88,80,100,3.29,RU,1628352542
173,isakly,54.1333,51.5333,22.22,40,18,5.19,RU,1628352543
174,chebarkul,54.9749,60.3633,14.97,60,81,4.69,RU,1628352545
175,lagoa,39.05,-27.9833,20.61,68,100,6.33,PT,1628352546
176,beringovskiy,63.05,179.3167,6.63,91,100,11.32,RU,1628352281
177,tiksi,71.6872,128.8694,7.97,80,100,1.96,RU,1628352549
178,porbandar,21.6422,69.6093,28.16,75,76,4.86,IN,1628352550
179,araouane,18.9048,-3.5265,40.73,21,84,5.2,ML,1628352552
180,pedasi,7.5333,-80.0333,26.14,82,69,2.82,PA,1628352554
181,salalah,17.0151,54.0924,26.05,89,75,3.09,OM,1628352555
182,pevek,69.7008,170.3133,4.21,85,37,2.72,RU,1628352557
183,trairi,-3.2778,-39.2689,32.14,42,60,7.14,BR,1628352403
184,ust-maya,60.4167,134.5333,11.55,64,5,3.56,RU,1628352559
185,arraial do cabo,-22.9661,-42.0278,22.92,56,75,9.26,BR,1628352538
186,napasar,27.9667,73.55,32.7,51,100,3.08,IN,1628352562
187,kintampo,8.0563,-1.7306,27.84,62,98,2.77,GH,1628352563
188,carupano,10.6678,-63.2585,28.48,71,49,3.63,VE,1628352564
189,dalnegorsk,44.5604,135.5701,18.73,100,100,0.99,RU,1628352566
190,san ignacio,17.1561,-89.0714,29.08,70,0,3.09,BZ,1628352567
191,faya,18.3851,42.4509,19.29,67,66,4.07,SA,1628352275
192,bismarck,46.8083,-100.7837,23.26,65,20,1.54,US,1628352569
193,chadiza,-14.0678,32.4392,22.19,29,0,3.06,ZM,1628352571
194,xiaoshi,41.2971,124.1209,20.01,85,32,0.8,CN,1628352572
195,dauphin,51.1494,-100.0502,28.21,28,55,4.07,CA,1628352573
196,chuy,-33.6971,-53.4616,20.36,62,6,3.2,UY,1628352575
197,grindavik,63.8424,-22.4338,14.26,77,75,1.54,IS,1628352576
198,caravelas,-17.7125,-39.2481,22.27,74,99,3.68,BR,1628352577
199,fairbanks,64.8378,-147.7164,15.05,93,90,4.12,US,1628352579
200,katsuura,35.1333,140.3,27.06,90,98,5.99,JP,1628352580
201,roebourne,-20.7833,117.1333,21.81,63,96,2.35,AU,1628352581
202,kharp,66.8014,65.8081,19.14,77,84,3.07,RU,1628352582
203,bilma,18.6853,12.9164,42.21,8,40,4.92,NE,1628352584
204,novyy urengoy,66.0833,76.6333,20.49,48,0,3.64,RU,1628352585
205,copiapo,-27.3667,-70.3333,10.83,54,13,2.5,CL,1628352586
206,horsham,51.064,-0.3272,19.92,69,20,3.6,GB,1628352588
207,ust-omchug,61.15,149.6333,7.21,83,7,1.58,RU,1628352589
208,hami,42.8,93.45,29.21,18,0,3.23,CN,1628352590
209,manta,-0.95,-80.7333,23.88,78,90,3.6,EC,1628352465
210,koumac,-20.5667,164.2833,19.09,72,93,1.85,NC,1628352595
211,udala,43.0778,-2.5125,18.4,83,84,3.97,ES,1628352596
212,hasaki,35.7333,140.8333,26.22,88,100,4.95,JP,1628352598
213,ossora,59.2353,163.0719,12.42,67,100,2.87,RU,1628352599
214,hithadhoo,-0.6,73.0833,28.02,67,100,2.0,MV,1628352600
215,asau,46.4333,26.4,25.22,48,41,1.4,RO,1628352366
216,santiago del estero,-27.7951,-64.2615,28.78,24,6,7.4,AR,1628352606
217,regeneracao,-6.2378,-42.6883,34.89,26,0,4.84,BR,1628352608
218,yumen,40.2833,97.2,22.97,30,90,3.95,CN,1628352610
219,half moon bay,37.4636,-122.4286,22.17,91,90,0.0,US,1628352452
220,komsomolskiy,40.4272,71.7189,31.4,27,63,4.12,UZ,1628352613
221,bredasdorp,-34.5322,20.0403,11.82,87,100,1.85,ZA,1628352615
222,itoman,26.1247,127.6694,29.21,92,75,11.83,JP,1628352616
223,venice,27.0998,-82.4543,33.46,78,40,2.68,US,1628352618
224,ahipara,-35.1667,173.1667,11.64,86,36,3.4,NZ,1628352619
225,hokitika,-42.7167,170.9667,6.68,95,100,2.12,NZ,1628352621
226,hofn,64.2539,-15.2082,13.13,85,100,3.83,IS,1628352622
227,broome,42.2506,-75.833,29.28,72,1,0.89,US,1628352623
228,aykhal,66.0,111.5,12.2,80,100,3.52,RU,1628352625
229,luanda,-8.8368,13.2343,24.0,83,0,3.6,AO,1628352405
230,nueva guinea,11.6876,-84.4562,25.62,88,100,4.63,NI,1628352627
231,denpasar,-8.65,115.2167,26.81,89,40,5.14,ID,1628352628
232,awjilah,29.1081,21.2869,40.61,12,0,7.9,LY,1628352630
233,gualaquiza,-3.4,-78.55,25.43,49,8,0.78,EC,1628352343
234,kruisfontein,-34.0033,24.7314,14.94,82,100,2.93,ZA,1628352632
235,coihaique,-45.5752,-72.0662,7.34,61,75,0.0,CL,1628352633
236,dingle,10.9995,122.6711,24.9,88,18,1.16,PH,1628352403
237,mushie,-3.0167,16.9,36.87,20,87,2.11,CD,1628352636
238,los angeles,34.0522,-118.2437,27.55,76,90,0.0,US,1628352620
239,codrington,-38.2667,141.9667,8.46,83,90,2.67,AU,1628352638
240,kelvington,52.1667,-103.5343,26.98,39,95,8.52,CA,1628352640
241,grand island,40.925,-98.342,24.88,73,75,7.72,US,1628352481
242,pangnirtung,66.1451,-65.7125,4.92,88,100,1.82,CA,1628352642
243,yangjiang,21.85,111.9667,26.05,92,100,1.84,CN,1628352420
244,termiz,37.2242,67.2783,33.05,24,0,0.0,UZ,1628352644
245,namatanai,-3.6667,152.4333,25.54,83,21,3.09,PG,1628352646
246,northam,51.0333,-4.2167,17.79,87,62,10.31,GB,1628352407
247,akom,2.6678,12.7109,20.53,96,94,1.59,CM,1628352648
248,ostrovnoy,68.0531,39.5131,14.8,77,33,4.91,RU,1628352649
249,shangzhi,45.2167,127.9667,18.46,85,0,0.53,CN,1628352651
250,roma,43.2128,-75.4557,29.51,63,1,0.0,US,1628352652
251,iqaluit,63.7506,-68.5145,3.37,98,100,5.79,CA,1628352654
252,pendleton,45.6721,-118.7886,25.67,53,1,0.45,US,1628352395
253,ribeira grande,38.5167,-28.7,24.22,57,40,6.69,PT,1628352657
254,bandar-e lengeh,26.5579,54.8807,36.16,52,0,2.4,IR,1628352658
255,atasu,48.6814,71.6433,21.03,59,99,1.59,KZ,1628352660
256,le port,-20.9373,55.2919,21.0,74,32,3.63,RE,1628352661
257,port hardy,50.6996,-127.4199,14.07,97,100,0.63,CA,1628352662
258,ust-kuyga,70.0167,135.6,12.87,62,61,2.15,RU,1628352664
259,bariadi,-2.8,33.9833,26.18,31,66,3.2,TZ,1628352665
260,gat,31.61,34.7642,33.0,47,0,3.0,IL,1628352667
261,spornoye,50.8448,37.2913,24.01,47,88,2.93,RU,1628352669
262,husavik,66.0449,-17.3389,15.26,66,77,3.59,IS,1628352670
263,acarau,-2.8856,-40.12,32.19,47,9,7.39,BR,1628352673
264,poddorye,57.4695,31.1156,20.75,81,58,3.28,RU,1628352676
265,tecoanapa,16.5167,-98.75,28.14,69,100,1.83,MX,1628352678
266,hirara,24.8,125.2833,27.34,90,100,14.73,JP,1628352679
267,dogondoutchi,13.6393,4.0287,35.67,39,40,5.47,NE,1628352680
268,turukhansk,65.8167,87.9833,18.92,56,66,2.51,RU,1628352682
269,gizo,-8.103,156.8419,27.25,72,100,3.52,SB,1628352683
270,skelleftea,64.7507,20.9528,20.2,52,3,6.17,SE,1628352684
271,jiblah,13.9216,44.1467,16.51,74,89,2.83,YE,1628352686
272,alta floresta,-9.8756,-56.0861,36.03,18,24,2.24,BR,1628352687
273,dese,11.1333,39.6333,14.89,74,20,1.14,ET,1628352688
274,flin flon,54.7682,-101.865,23.44,49,87,3.76,CA,1628352477
275,mardin,37.3131,40.7436,28.3,28,57,1.43,TR,1628352692
276,sinnamary,5.3833,-52.95,29.27,68,69,1.07,GF,1628352693
277,college,64.8569,-147.8028,14.77,93,90,2.06,US,1628352694
278,buribay,51.9617,58.1592,21.46,28,8,4.98,RU,1628352696
279,port-gentil,-0.7193,8.7815,24.08,84,97,6.22,GA,1628352698
280,dakar,14.6937,-17.4441,29.49,76,43,6.56,SN,1628352700
281,mecca,21.4267,39.8261,36.98,26,3,7.65,SA,1628352575
282,goderich,43.7501,-81.7165,27.8,81,67,3.57,CA,1628352702
283,sibolga,1.7427,98.7792,25.41,89,68,1.51,ID,1628352436
284,sulangan,11.1373,123.7228,29.47,69,26,1.43,PH,1628352704
285,sibu,2.3,111.8167,24.64,94,37,0.43,MY,1628352706
286,tilichiki,60.4667,166.1,8.79,87,100,3.37,RU,1628352707
287,conde,-7.2597,-34.9075,27.7,61,40,9.77,BR,1628352663
288,lasa,46.6166,10.7002,21.95,84,97,3.41,IT,1628352709
289,carmo do rio claro,-20.9719,-46.1189,23.97,29,83,4.53,BR,1628352711
290,lerwick,60.1545,-1.1494,16.0,90,100,9.14,GB,1628352712
291,pacific grove,36.6177,-121.9166,22.01,87,75,1.34,US,1628352565
292,lisakovsk,52.5369,62.4936,18.45,41,56,3.61,KZ,1628352418
293,sembakung,3.8167,117.25,23.86,98,95,0.19,ID,1628352715
294,isla mujeres,21.2311,-86.731,32.03,67,5,4.14,MX,1628352717
295,vestmannaeyjar,63.4427,-20.2734,14.55,82,75,3.6,IS,1628352718
296,bowen,-20.0167,148.2333,16.38,86,3,4.54,AU,1628352720
297,valdivia,-39.8142,-73.2459,6.05,82,23,2.0,CL,1628352620
298,zhangye,38.9342,100.4517,19.75,48,79,4.85,CN,1628352724
299,cabo san lucas,22.8909,-109.9124,32.01,67,20,1.79,MX,1628352600
300,castro,-24.7911,-50.0119,18.32,63,98,3.51,BR,1628352726
301,santa cruz,-17.8,-63.1667,31.78,24,0,8.15,BO,1628352728
302,praia,14.9215,-23.5087,26.57,81,67,3.74,CV,1628352729
303,tucurui,-3.7661,-49.6725,34.83,29,7,2.61,BR,1628352730
304,faanui,-16.4833,-151.75,25.49,69,87,4.5,PF,1628352732
305,vrangel,42.7297,133.0839,20.53,94,27,3.65,RU,1628352733
306,beberibe,-4.1797,-38.1306,31.02,50,42,6.59,BR,1628352736
307,solnechnyy,50.7214,136.6319,10.92,95,100,4.72,RU,1628352738
308,mamu kanjan,30.8333,72.8,35.3,39,41,3.69,PK,1628352739
309,nemuro,43.3236,145.575,20.54,96,7,2.01,JP,1628352740
310,linqu,36.5156,118.5397,23.15,86,2,0.74,CN,1628352742
311,xuanzhou,30.9525,118.7553,25.27,84,82,2.37,CN,1628352743
312,la ronge,55.1001,-105.2842,15.54,94,99,2.44,CA,1628352744
313,valverde del camino,37.5751,-6.7543,32.69,19,0,4.62,ES,1628352746
314,karratha,-20.7377,116.8463,21.5,68,91,2.75,AU,1628352747
315,puerto del rosario,28.5004,-13.8627,26.82,65,20,7.72,ES,1628352748
316,richards bay,-28.783,32.0377,17.74,75,1,2.63,ZA,1628352750
317,nome,64.5011,-165.4064,8.04,87,90,5.14,US,1628352751
318,isangel,-19.55,169.2667,20.49,77,99,3.69,VU,1628352753
319,havoysund,70.9963,24.6622,19.49,71,47,1.57,NO,1628352754
320,mahina,-17.5065,-149.489,21.87,83,20,1.54,PF,1628352755
321,linares,-35.85,-71.6,12.72,70,82,3.83,CL,1628352502
322,bambous virieux,-20.3428,57.7575,22.34,69,15,6.16,MU,1628352758
323,coahuayana,18.7333,-103.6833,26.71,61,69,0.26,MX,1628352759
324,sitka,57.0531,-135.33,13.94,94,90,0.0,US,1628352760
325,adre,13.4667,22.2,27.1,60,81,4.92,TD,1628352762
326,qinzhou,21.95,108.6167,28.5,91,100,2.31,CN,1628352763
327,namibe,-15.1961,12.1522,22.0,82,49,4.98,AO,1628352764
328,new norfolk,-42.7826,147.0587,3.17,83,52,1.24,AU,1628352766
329,belaya gora,68.5333,146.4167,9.34,87,21,2.96,RU,1628352767
330,waingapu,-9.6567,120.2641,23.8,81,52,4.83,ID,1628352768
331,shanghai,31.2222,121.4581,28.29,79,0,5.0,CN,1628352481
332,raudeberg,61.9875,5.1352,23.88,70,100,1.54,NO,1628352771
333,esperance,-33.8667,121.9,13.98,83,100,8.22,AU,1628352772
334,waipawa,-41.4122,175.5153,9.46,93,76,2.64,NZ,1628352773
335,phan thiet,10.9333,108.1,26.84,84,63,3.59,VN,1628352774
336,sokolo,14.7328,-6.1219,28.47,64,100,6.27,ML,1628352776
337,rocha,-34.4833,-54.3333,22.59,61,7,5.13,UY,1628352777
338,ilo,-17.6394,-71.3375,16.48,77,90,2.06,PE,1628352778
339,tuatapere,-46.1333,167.6833,1.57,94,100,0.72,NZ,1628352780
340,quelimane,-17.8786,36.8883,21.66,73,1,3.6,MZ,1628352781
341,nongstoin,25.5167,91.2667,19.46,98,99,1.61,IN,1628352782
342,marawi,7.9986,124.2928,20.92,91,95,0.84,PH,1628352784
343,cravo norte,6.3017,-70.2041,30.6,56,23,2.2,CO,1628352785
344,ballina,-28.8667,153.5667,10.43,80,0,3.81,AU,1628352786
345,baft,29.234,56.6057,25.48,26,91,4.88,IR,1628352788
346,post falls,47.718,-116.9516,22.99,61,1,1.34,US,1628352789
347,khartoum,15.5518,32.5324,33.34,49,44,3.7,SD,1628352515
348,mount isa,-20.7333,139.5,12.87,33,0,1.54,AU,1628352791
349,senno,59.5336,33.9167,16.59,98,100,4.35,RU,1628352793
350,gbadolite,4.2833,21.0167,23.57,89,100,0.62,CD,1628352794
351,ponta delgada,37.7333,-25.6667,24.4,53,20,6.69,PT,1628352681
352,krasnoarmeysk,51.0239,45.6969,24.48,31,94,3.31,RU,1628352797
353,bundaberg,-24.85,152.35,11.79,91,0,0.45,AU,1628352798
354,shimoda,34.6667,138.95,28.06,90,100,9.35,JP,1628352799
355,noyabrsk,63.1994,75.4507,21.34,56,35,3.2,RU,1628352800
356,rundu,-17.9333,19.7667,25.9,10,0,2.57,NA,1628352802
357,sao filipe,14.8961,-24.4956,25.97,79,30,2.06,CV,1628352803
358,rio brilhante,-21.8019,-54.5464,31.4,22,0,4.12,BR,1628352804
359,tay ninh,11.3,106.1,27.34,75,92,3.5,VN,1628352806
360,talca,-35.4333,-71.6667,9.84,71,62,4.09,CL,1628352807
361,kavieng,-2.5744,150.7967,27.81,78,84,6.68,PG,1628352808
362,jardim,-21.4803,-56.1381,32.64,21,0,4.2,BR,1628352810
363,ndende,-2.4008,11.3581,27.74,61,100,2.95,GA,1628352811
364,sandpoint,48.2766,-116.5533,22.41,59,40,0.45,US,1628352529
365,iralaya,15.0,-83.2333,30.05,80,100,4.72,HN,1628352810
366,seymchan,62.8833,152.4333,11.19,83,100,1.79,RU,1628352814
367,mindyak,54.0231,58.7891,13.59,68,42,2.16,RU,1628352817
368,dicabisagan,17.0818,122.4157,27.1,82,100,1.89,PH,1628352818
369,taoudenni,22.6783,-3.9836,46.83,7,7,3.88,ML,1628352821
370,chenghai,23.4632,116.768,28.24,85,100,1.15,CN,1628352822
371,marsh harbour,26.5412,-77.0636,29.16,69,6,4.92,BS,1628352823
372,nabire,-3.3667,135.4833,24.32,91,100,1.39,ID,1628352824
373,kutahya,39.4242,29.9833,21.94,63,68,8.72,TR,1628352826
374,bukachacha,52.9833,116.9167,15.47,98,100,1.49,RU,1628352735
375,qaqortoq,60.7167,-46.0333,11.28,84,100,0.22,GL,1628352828
376,saint-leu,-21.15,55.2833,20.48,72,37,2.42,RE,1628352830
377,comodoro rivadavia,-45.8667,-67.5,10.92,37,26,11.32,AR,1628352831
378,necochea,-38.5473,-58.7368,15.58,57,100,5.46,AR,1628352824
379,rostovka,55.3842,71.8891,18.4,84,92,3.5,RU,1628352833
380,geraldton,-28.7667,114.6,19.23,88,75,6.69,AU,1628352774
381,umea,63.8284,20.2597,21.96,40,0,5.66,SE,1628352837
382,wilkie,52.4168,-108.7014,19.88,52,100,6.25,CA,1628352838
383,biak,-0.9131,122.8766,24.13,87,100,1.74,ID,1628352839
384,erdenet,49.0333,104.0833,11.87,77,100,2.53,MN,1628352841
385,burnie,-41.0667,145.9167,4.95,78,8,3.5,AU,1628352842
386,constitucion,-35.3333,-72.4167,13.35,66,66,4.78,CL,1628352798
387,antofagasta,-23.65,-70.4,15.6,63,12,3.47,CL,1628352844
388,deputatskiy,69.3,139.9,6.59,82,26,1.09,RU,1628352846
389,burns lake,54.2331,-125.7533,12.23,67,52,1.22,CA,1628352847
390,chernyshkovskiy,48.4219,42.2308,35.47,18,100,5.4,RU,1628352848
391,qobustan,40.0824,49.412,29.06,58,0,1.73,AZ,1628352850
392,cepu,-7.1475,111.5906,25.25,84,13,2.03,ID,1628352851
393,vadinsk,53.6916,43.0574,25.09,46,6,3.29,RU,1628352852
394,vila velha,-20.3297,-40.2925,21.97,73,90,4.12,BR,1628352854
395,san rafael,-34.6177,-68.3301,14.98,33,0,6.94,AR,1628352855
396,poum,-20.2333,164.0167,20.65,71,85,4.73,NC,1628352856
397,bhandara,21.1667,79.65,27.33,79,30,1.65,IN,1628352857
398,kokopo,-4.352,152.2633,24.83,83,67,2.68,PG,1628352608
399,lima,-12.0432,-77.0282,16.19,77,90,5.14,PE,1628352687
400,la asuncion,11.0333,-63.8628,28.39,67,12,2.54,VE,1628352861
401,morondava,-20.2833,44.2833,23.29,70,2,6.58,MG,1628352862
402,pafos,34.7667,32.4167,30.88,70,40,5.66,CY,1628352864
403,wanlaweyn,2.6185,44.8938,25.78,65,72,10.12,SO,1628352865
404,sabzevar,36.2126,57.6819,32.66,13,6,5.59,IR,1628352866
405,tungor,53.3808,142.9564,10.53,88,18,5.19,RU,1628352867
406,vanavara,60.34,102.2797,12.63,65,20,2.02,RU,1628352870
407,dinghai,26.2847,119.7936,26.54,89,99,4.91,CN,1628352871
408,puerto narino,-3.7703,-70.3831,31.97,40,8,0.46,CO,1628352873
409,china,25.7,-99.2333,30.98,49,1,6.34,MX,1628352874
410,carutapera,-1.195,-46.02,30.67,54,21,3.73,BR,1628352875
411,sisimiut,66.9395,-53.6735,4.98,95,100,1.18,GL,1628352877
412,kamienna gora,50.7831,16.0304,22.94,54,34,2.42,PL,1628352878
413,okhotsk,59.3833,143.3,13.85,63,4,3.52,RU,1628352879
414,qingquan,30.4511,115.2559,27.51,83,94,1.25,CN,1628352880
415,dana point,33.467,-117.6981,26.08,89,3,0.45,US,1628352610
416,grand gaube,-20.0064,57.6608,22.43,68,2,3.13,MU,1628352883
417,nelson bay,-32.7167,152.15,12.78,77,18,0.45,AU,1628352884
418,ridgecrest,35.6225,-117.6709,30.36,14,1,0.89,US,1628352886
419,danilov,58.1908,40.1717,17.45,97,100,5.22,RU,1628352887
420,pisco,-13.7,-76.2167,17.23,72,75,3.09,PE,1628352888
421,yarmouth,41.7057,-70.2286,31.36,75,1,3.13,US,1628352889
422,vicuna,-30.0319,-70.7081,10.85,37,23,1.93,CL,1628352891
423,rawang,3.3213,101.5767,27.9,94,78,1.25,MY,1628352892
424,uyemskiy,64.4743,40.8524,21.03,46,20,3.0,RU,1628352893
425,erbaa,40.6689,36.5675,22.44,73,98,1.09,TR,1628352895
426,iberia,29.9502,-91.7507,31.16,62,40,0.0,US,1628352896
427,lamu,-2.2717,40.902,25.12,82,48,5.84,KE,1628352897
428,tucuman,-26.8241,-65.2226,23.0,35,3,0.0,AR,1628352899
429,athabasca,54.7169,-113.2854,18.25,51,100,4.19,CA,1628352799
430,hinton,53.4001,-117.5857,13.95,54,35,3.61,CA,1628352901
431,patea,-39.7583,174.4833,9.81,67,74,5.39,NZ,1628352902
432,adrar,20.5022,-10.0711,40.27,18,3,6.08,MR,1628352904
433,kyabe,9.4515,18.9449,24.48,89,95,1.99,TD,1628352905
434,banda aceh,5.5577,95.3222,27.12,81,91,3.76,ID,1628352906
435,tautira,-17.7333,-149.15,22.01,76,38,2.64,PF,1628352908
436,ilulissat,69.2167,-51.1,11.01,43,75,4.12,GL,1628352909
437,yerbogachen,61.2767,108.0108,11.69,65,97,2.59,RU,1628352731
438,kaitangata,-46.2817,169.8464,2.78,92,100,2.43,NZ,1628352911
439,chhuikhadan,21.5333,80.9833,27.26,74,25,2.73,IN,1628352913
440,vostok,46.4856,135.8833,16.28,99,100,1.45,RU,1628352914
441,bengkulu,-3.8004,102.2655,25.06,89,18,1.58,ID,1628352916
442,nizwa,22.9333,57.5333,39.4,12,74,1.33,OM,1628352918
443,shiyan,32.6475,110.7781,22.88,78,92,0.98,CN,1628352919
444,saint-francois,46.4154,3.9054,21.69,49,0,7.72,FR,1628352920
445,champerico,14.3,-91.9167,32.38,76,94,0.86,GT,1628352922
446,north bend,43.4065,-124.2243,18.81,94,20,0.0,US,1628352923
447,san quintin,30.4833,-115.95,21.32,76,23,1.92,MX,1628352924
448,saryozek,44.3583,77.9753,19.56,29,0,2.61,KZ,1628352925
449,santa maria,-29.6842,-53.8069,26.61,44,0,5.66,BR,1628352927
450,miri,4.4148,114.0089,27.08,94,40,1.54,MY,1628352928
451,romny,50.751,33.4747,24.29,56,99,4.61,UA,1628352930
452,labuhan,-6.8844,112.2051,26.1,85,21,4.75,ID,1628352932
453,nancha,47.1333,129.2667,18.17,98,61,0.95,CN,1628352933
454,nueva loja,0.0847,-76.8828,28.71,47,7,0.4,EC,1628352934
455,korem,12.5058,39.5228,16.61,76,29,1.13,ET,1628352936
456,warmbad,-28.45,18.7333,22.85,9,16,2.0,NA,1628352937
457,chirilagua,13.2203,-88.1386,29.86,52,36,1.69,SV,1628352938
458,bartica,6.4,-58.6167,32.18,70,62,0.38,GY,1628352940
459,nantucket,41.2835,-70.0995,28.87,82,1,5.66,US,1628352777
460,castletown,53.0281,-9.0686,14.27,89,99,9.6,IE,1628352942
461,kalmunai,7.4167,81.8167,28.0,79,100,2.13,LK,1628352943
462,nanae,41.8833,140.6833,23.95,94,97,2.71,JP,1628352945
463,bongouanou,6.6486,-4.1992,31.79,41,80,2.2,CI,1628352946
464,moquegua,-17.1956,-70.9353,22.15,28,6,3.45,PE,1628352947
465,lengshuijiang,27.6881,111.4294,26.68,81,100,1.2,CN,1628352949
466,rauma,61.1272,21.5113,20.02,87,100,7.0,FI,1628352950
467,malindi,-3.2175,40.1191,24.05,80,50,6.03,KE,1628352951
468,lompoc,34.6391,-120.4579,18.8,87,1,0.0,US,1628352944
469,bam,29.106,58.357,34.12,12,9,4.29,IR,1628352954
470,neftcala,39.3742,49.2472,28.35,67,0,5.19,AZ,1628352955
471,palmer,42.1584,-72.3287,30.96,70,95,3.7,US,1628352956
472,balkanabat,39.5108,54.3671,38.37,12,0,3.48,TM,1628352958
473,adwa,14.1646,38.8955,16.59,84,80,1.18,ET,1628352959
474,hukuntsi,-24.0,21.75,19.5,13,6,1.36,BW,1628352960
475,hambantota,6.1241,81.1185,26.69,80,97,9.28,LK,1628352962
476,mayor pablo lagerenza,-19.9309,-60.7718,35.45,18,0,7.69,PY,1628352963
477,sistranda,63.7256,8.834,22.98,53,97,10.29,NO,1628352964
478,lac du bonnet,50.2536,-96.0612,24.52,43,85,3.91,CA,1628352966
479,ambilobe,-13.2,49.05,22.18,78,56,1.68,MG,1628352967
480,nishihara,26.1842,127.7558,28.81,95,90,9.77,JP,1628352968
481,panzhihua,26.5851,101.7128,25.85,71,100,0.65,CN,1628352970
482,slave lake,55.2834,-114.769,15.99,59,75,5.14,CA,1628352971
483,milkovo,54.7167,158.6167,4.78,95,20,1.36,RU,1628352972
484,bilibino,68.0546,166.4372,4.96,80,33,3.36,RU,1628352974
485,ulundi,-28.3352,31.4162,16.48,63,1,2.93,ZA,1628352975
486,nouadhibou,20.931,-17.0347,24.99,69,0,5.14,MR,1628352976
487,goalpara,26.1667,90.6167,26.67,87,82,1.83,IN,1628352978
488,lanzhou,36.0564,103.7922,24.6,33,100,7.39,CN,1628352979
489,yining,29.0361,114.5636,27.04,83,83,0.98,CN,1628352980
490,luganville,-15.5333,167.1667,24.32,83,94,4.86,VU,1628352982
491,pochutla,15.7432,-96.4661,28.47,63,100,2.29,MX,1628352983
492,nalut,30.3333,10.85,42.07,6,0,2.91,LY,1628352984
493,port blair,11.6667,92.75,27.99,82,98,7.05,IN,1628352986
494,talara,-4.5772,-81.2719,20.42,73,90,8.75,PE,1628352987
495,dickinson,29.4608,-95.0513,32.88,62,20,1.34,US,1628352988
496,panaba,21.2833,-88.2667,33.96,45,7,3.6,MX,1628352989
497,sechura,-5.5569,-80.8222,22.11,62,49,4.82,PE,1628352991
498,maceio,-9.6658,-35.7353,26.69,57,40,6.17,BR,1628352992
499,tabuk,17.4189,121.4443,25.91,77,100,1.45,PH,1628352544
500,metro,-5.1131,105.3067,24.71,86,0,2.27,ID,1628352994
501,kerema,-7.9631,145.7785,23.61,91,100,3.07,PG,1628352996
502,changji,44.0167,87.3167,27.44,32,0,1.0,CN,1628352998
503,amapa,1.0,-52.0,32.69,40,3,2.11,BR,1628352794
504,iskateley,67.6803,53.1512,11.07,71,100,3.92,RU,1628352917
505,kudahuvadhoo,2.6708,72.8944,27.84,77,100,5.48,MV,1628353003
506,muravlenko,63.7898,74.523,21.05,54,24,2.99,RU,1628353004
507,chifeng,42.2683,118.9636,21.4,59,0,2.45,CN,1628352962
508,kifri,34.6959,44.9661,39.93,11,5,6.6,IQ,1628353007
509,bull savanna,17.8868,-77.5902,30.23,55,0,3.92,JM,1628353008
510,sorland,67.667,12.6934,14.48,76,56,3.95,NO,1628353009
511,pimentel,-6.8367,-79.9342,20.16,75,90,1.34,PE,1628353011
512,mogadishu,2.0371,45.3438,24.67,84,31,7.93,SO,1628353012
513,eniwa,42.8779,141.5442,23.79,94,75,6.17,JP,1628353013
514,palauig,15.435,119.9045,27.26,87,100,3.99,PH,1628353015
515,howard springs,-12.497,131.047,19.9,86,47,3.18,AU,1628352887
516,chenzhou,25.8,113.0333,26.23,92,67,0.85,CN,1628353018
517,det udom,14.906,105.0784,28.9,79,100,3.14,TH,1628353019
518,zhanaozen,43.3,52.8,36.38,11,0,3.29,KZ,1628353021
519,hornepayne,49.2138,-84.7705,17.66,43,15,3.63,CA,1628353022
520,tiarei,-17.5333,-149.3333,22.01,76,21,2.89,PF,1628353023
521,bandarban,22.1965,92.2262,24.58,98,85,1.66,BD,1628353025
522,centralia,46.7162,-122.9543,17.77,80,90,3.09,US,1628352918
523,agadir,30.4202,-9.5982,27.25,54,8,4.55,MA,1628353027
524,mitsamiouli,-11.3847,43.2844,24.86,68,64,2.52,KM,1628353028
525,dhidhdhoo,6.8833,73.1,28.26,78,100,7.82,MV,1628353030
526,ocos,14.5094,-92.1933,32.92,75,100,0.79,GT,1628353031
527,stabat,3.761,98.4513,27.11,96,27,1.26,ID,1628353032
528,djenne,13.9061,-4.5533,30.92,53,59,6.86,ML,1628353034
529,winnemucca,40.973,-117.7357,23.03,18,1,2.57,US,1628353035
530,kolondieba,11.0882,-6.8926,26.21,71,96,3.22,ML,1628353036
531,acapulco,16.8634,-99.8901,29.9,66,75,3.09,MX,1628353037
532,kargasok,59.0556,80.8572,17.7,90,92,2.69,RU,1628353039
533,salina,38.8403,-97.6114,32.32,61,1,4.02,US,1628352985
534,turiacu,-1.6633,-45.3717,29.35,61,24,2.39,BR,1628353041
535,xam nua,20.4197,104.0439,22.26,85,97,1.4,LA,1628353043
536,coacoyul,17.8058,-99.11,22.9,83,85,1.35,MX,1628353044
537,plettenberg bay,-34.0527,23.3716,15.14,83,94,3.03,ZA,1628353045
538,sabnova,42.0762,48.248,29.16,46,0,4.11,RU,1628353046
539,novopetrovskoye,55.9928,36.4719,22.56,66,72,1.89,RU,1628353048
540,andrews,32.3187,-102.5457,27.58,69,40,6.17,US,1628353050
541,siemiatycze,52.4272,22.8623,22.92,71,55,3.7,PL,1628353052
542,yar-sale,66.8333,70.8333,19.49,68,15,2.39,RU,1628353053
543,naze,28.3667,129.4833,26.66,85,100,5.92,JP,1628353054
544,suffolk,40.8668,-72.7996,30.3,71,1,1.34,US,1628353055
545,leh,34.1667,77.5833,19.77,31,26,3.24,IN,1628353057
546,hai duong,20.9333,106.3167,34.06,78,100,2.92,VN,1628353058
547,kupang,-10.1667,123.5833,23.98,69,10,5.4,ID,1628353059
548,belyy yar,53.6039,91.3903,15.94,100,0,1.0,RU,1628353061
549,kailua,21.4022,-157.7394,24.99,71,20,5.14,US,1628353062
550,padang,-0.9492,100.3543,26.19,86,22,1.61,ID,1628353063
551,buritizeiro,-17.3511,-44.9622,25.43,36,100,3.5,BR,1628353065
552,enniscorthy,52.5008,-6.5578,17.87,87,100,7.95,IE,1628353066
553,dunyapur,29.7995,71.7196,36.01,35,13,3.78,PK,1628353067
554,hovd,48.0056,91.6419,14.97,61,72,2.07,MN,1628352849
555,port augusta,-32.5,137.7667,9.28,76,0,2.22,AU,1628353070
